Residue_Pair,Contact_Type,Model
ALA114A-ARG39B,"['covalent', 'polar', 'vdw_clash']","[{'Model_2'}, {'Model_2'}, {'Model_2'}]"
ALA114A-ILE47B,"['vdw_clash', 'weak_polar']","[{'Model_2'}, {'Model_2'}]"
ALA22A-ARG66B,"['polar', 'vdw', 'vdw_clash', 'weak_polar']","[{'Model_2'}, {'Model_2'}, {'Model_2'}, {'Model_2'}]"
ALA22A-ILE31B,"['hydrophobic', 'vdw', 'vdw_clash', 'weak_polar']","[{'Model_3'}, {'Model_1'}, {'Model_1', 'Model_3'}, {'Model_1'}]"
ALA22A-ILE47B,"['vdw_clash', 'weak_polar']","[{'Model_0'}, {'Model_0'}]"
ALA22A-PRO46B,"['hydrophobic', 'polar', 'vdw', 'vdw_clash', 'weak_polar']","[{'Model_0'}, {'Model_0'}, {'Model_0'}, {'Model_0'}, {'Model_0'}]"
ARG21A-GLN45B,['vdw'],[{'Model_0'}]
ARG21A-GLY43B,"['polar', 'vdw_clash']","[{'Model_0'}, {'Model_0'}]"
ARG21A-PRO46B,"['carbonyl', 'hydrophobic', 'vdw_clash', 'weak_polar']","[{'Model_0'}, {'Model_0'}, {'Model_0'}, {'Model_0'}]"
ARG33A-GLY73B,"['polar', 'vdw', 'vdw_clash']","[{'Model_1'}, {'Model_1'}, {'Model_1'}]"
ARG39B-ILE40A,"['covalent', 'vdw_clash']","[{'Model_1'}, {'Model_1', 'Model_3'}]"
ARG39B-TYR20A,"['covalent', 'vdw', 'vdw_clash']","[{'Model_1', 'Model_3'}, {'Model_1'}, {'Model_1', 'Model_3'}]"
ARG39B-VAL110A,['vdw_clash'],[{'Model_1'}]
ARG54A-GLU51B,"['ionic', 'polar', 'vdw', 'vdw_clash']","[{'Model_1', 'Model_3'}, {'Model_1', 'Model_3'}, {'Model_1', 'Model_3'}, {'Model_3'}]"
ARG54A-PHE38B,"['vdw', 'vdw_clash']","[{'Model_2'}, {'Model_2'}]"
ARG66B-ASP34A,"['ionic', 'polar', 'vdw_clash']","[{'Model_1'}, {'Model_1'}, {'Model_1'}]"
ARG66B-LYS25A,"['vdw', 'vdw_clash']","[{'Model_2'}, {'Model_2'}]"
ARG75B-GLU15A,"['hbond', 'ionic', 'polar', 'vdw_clash']","[{'Model_1'}, {'Model_1'}, {'Model_1'}, {'Model_1'}]"
ARG76B-GLU7A,"['covalent', 'ionic', 'polar', 'vdw', 'vdw_clash', 'weak_polar']","[{'Model_1'}, {'Model_1'}, {'Model_1'}, {'Model_1'}, {'Model_1'}, {'Model_1'}]"
ARG78B-GLU11A,"['hbond', 'ionic', 'polar', 'vdw_clash']","[{'Model_1'}, {'Model_1'}, {'Model_1'}, {'Model_1'}]"
ASP23A-GLU28B,"['vdw_clash', 'weak_polar']","[{'Model_4'}, {'Model_4'}]"
ASP23A-HIS62B,"['polar', 'vdw', 'vdw_clash', 'weak_polar']","[{'Model_2'}, {'Model_2'}, {'Model_2'}, {'Model_2'}]"
ASP23A-PRO46B,"['vdw_clash', 'weak_polar']","[{'Model_0'}, {'Model_0'}]"
ASP34A-GLY43B,['vdw_clash'],[{'Model_0'}]
ASP39A-GLN45B,"['hydrophobic', 'polar', 'vdw', 'vdw_clash', 'weak_polar']","[{'Model_0'}, {'Model_0'}, {'Model_0'}, {'Model_0'}, {'Model_0'}]"
ASP39A-LYS59B,"['ionic', 'polar', 'vdw', 'vdw_clash', 'weak_polar']","[{'Model_1', 'Model_4'}, {'Model_1', 'Model_4'}, {'Model_1'}, {'Model_1', 'Model_4'}, {'Model_1'}]"
ASP82A-GLN45B,"['polar', 'vdw', 'vdw_clash']","[{'Model_3'}, {'Model_3'}, {'Model_3'}]"
GLN45B-ILE40A,"['polar', 'vdw_clash']","[{'Model_0'}, {'Model_0'}]"
GLN45B-THR81A,"['polar', 'vdw_clash']","[{'Model_3'}, {'Model_3'}]"
GLN45B-VAL19A,"['hydrophobic', 'vdw_clash']","[{'Model_0'}, {'Model_0'}]"
GLY38A-ILE47B,"['vdw_clash', 'weak_polar']","[{'Model_0'}, {'Model_0'}]"
ILE112A-ILE31B,"['hydrophobic', 'vdw_clash']","[{'Model_2'}, {'Model_2'}]"
ILE112A-TYR32B,"['vdw_clash', 'weak_polar']","[{'Model_3'}, {'Model_3'}]"
ILE112A-TYR55B,['vdw_clash'],[{'Model_3'}]
ILE40A-TYR32B,"['polar', 'vdw', 'weak_polar']","[{'Model_4'}, {'Model_4'}, {'Model_4'}]"
ILE47B-LEU56A,"['hydrophobic', 'vdw', 'vdw_clash']","[{'Model_1', 'Model_3'}, {'Model_3'}, {'Model_1', 'Model_3'}]"
ILE47B-THR115A,"['hydrophobic', 'vdw']","[{'Model_2'}, {'Model_2'}]"
LYS59B-VAL36A,"['hydrophobic', 'vdw']","[{'Model_4'}, {'Model_4'}]"
PHE38B-PRO83A,"['hydrophobic', 'vdw', 'vdw_clash']","[{'Model_2'}, {'Model_2'}, {'Model_2'}]"
PHE38B-VAL84A,"['vdw_clash', 'weak_polar']","[{'Model_2'}, {'Model_2'}]"
PRO37A-TYR55B,"['hydrophobic', 'vdw_clash', 'weak_polar']","[{'Model_4'}, {'Model_4'}, {'Model_4'}]"
PRO41B-SER57A,"['vdw', 'weak_polar']","[{'Model_1'}, {'Model_1'}]"
PRO46B-TYR20A,"['carbonyl', 'vdw', 'vdw_clash']","[{'Model_0'}, {'Model_0'}, {'Model_0'}]"
THR44B-VAL36A,"['hydrophobic', 'vdw_clash']","[{'Model_0'}, {'Model_0'}]"
TYR20A-TYR32B,"['polar', 'vdw']","[{'Model_4'}, {'Model_4'}]"
TYR55B-VAL36A,"['hydrophobic', 'vdw', 'vdw_clash', 'weak_polar']","[{'Model_2'}, {'Model_2'}, {'Model_2'}, {'Model_2'}]"
